﻿pos_x,pos_y,rotation,side,designator,mpn,pack,footprint,value,mount_type
93.345,-109.855,-90.0,top,C1,,,C_0805_2012Metric_Pad1.18x1.45mm_HandSolder,C_Small,smt
77.025,-36.815,0.0,top,C10,,,C_0805_2012Metric_Pad1.18x1.45mm_HandSolder,0.1μF,smt
77.025,-39.825,0.0,top,C11,,,C_0805_2012Metric_Pad1.18x1.45mm_HandSolder,10nF,smt
77.025,-42.835,0.0,top,C12,,,C_0805_2012Metric_Pad1.18x1.45mm_HandSolder,10pF,smt
77.025,-45.845,0.0,top,C13,,,C_0805_2012Metric_Pad1.18x1.45mm_HandSolder,1nF,smt
77.025,-48.855,0.0,top,C14,,,C_0805_2012Metric_Pad1.18x1.45mm_HandSolder,0.1uF,smt
77.025,-51.865,0.0,top,C15,,,C_0805_2012Metric_Pad1.18x1.45mm_HandSolder,0.1uF,smt
70.145,-45.585,0.0,top,C16,,,CP_Elec_5x5.9,47μF,smt
70.145,-52.435,0.0,top,C17,,,CP_Elec_5x5.9,47μF,smt
188.595,-99.695,-90.0,top,C2,,,C_0805_2012Metric_Pad1.18x1.45mm_HandSolder,C_Small,smt
149.225,-120.015,-90.0,top,C3,,,C_0805_2012Metric_Pad1.18x1.45mm_HandSolder,C_Small,smt
151.13,-120.015,-90.0,top,C4,,,C_0805_2012Metric_Pad1.18x1.45mm_HandSolder,C_Small,smt
93.345,-89.535,-90.0,top,C5,,,C_0805_2012Metric_Pad1.18x1.45mm_HandSolder,C_Small,smt
93.345,-99.695,-90.0,top,C6,,,C_0805_2012Metric_Pad1.18x1.45mm_HandSolder,C_Small,smt
93.345,-120.015,-90.0,top,C7,,,C_0805_2012Metric_Pad1.18x1.45mm_HandSolder,C_Small,smt
188.595,-89.535,-90.0,top,C8,,,C_0805_2012Metric_Pad1.18x1.45mm_HandSolder,C_Small,smt
70.145,-38.735,0.0,top,C9,,,CP_Elec_5x5.9,100μF,smt
56.515,-114.935,-90.0,top,D1,,,D_SMA_Handsoldering,SS34,smt
85.09,-73.025,-90.0,top,D2,,,D_SMA_Handsoldering,SS34,smt
47.625,-119.38,180.0,top,D3,,,D_0805_2012Metric_Pad1.15x1.40mm_HandSolder,Green,smt
60.325,-114.935,-90.0,top,D4,,,D_SMA_Handsoldering,SS34,smt
58.42,-107.95,0.0,top,F1,,,Fuse_2010_5025Metric_Pad1.52x2.65mm_HandSolder,Fuse,smt
127.12,-93.98,0.0,bottom,J10,,,JST_XA_B04B-XASK-1_1x04_P2.50mm_Vertical,Back_9,tht
127.12,-104.14,0.0,bottom,J11,,,JST_XA_B04B-XASK-1_1x04_P2.50mm_Vertical,Back_10,tht
127.12,-114.3,0.0,bottom,J12,,,JST_XA_B04B-XASK-1_1x04_P2.50mm_Vertical,Back_11,tht
127.12,-124.46,0.0,bottom,J13,,,JST_XA_B04B-XASK-1_1x04_P2.50mm_Vertical,Back_12,tht
155.635,-124.46,0.0,bottom,J14,,,JST_XA_B02B-XASK-1_1x02_P2.50mm_Vertical,Eye1,tht
165.755,-124.46,0.0,bottom,J15,,,JST_XA_B02B-XASK-1_1x02_P2.50mm_Vertical,Eye2,tht
175.935,-124.46,0.0,bottom,J16,,,JST_XA_B02B-XASK-1_1x02_P2.50mm_Vertical,Nose,tht
186.095,-124.46,0.0,bottom,J17,,,JST_XA_B02B-XASK-1_1x02_P2.50mm_Vertical,S1,tht
155.635,-114.3,0.0,bottom,J18,,,JST_XA_B02B-XASK-1_1x02_P2.50mm_Vertical,S2,tht
165.755,-114.3,0.0,bottom,J19,,,JST_XA_B02B-XASK-1_1x02_P2.50mm_Vertical,S3,tht
99.12,-93.98,0.0,bottom,J2,,,JST_XA_B04B-XASK-1_1x04_P2.50mm_Vertical,Back_1,tht
175.935,-114.3,0.0,bottom,J20,,,JST_XA_B02B-XASK-1_1x02_P2.50mm_Vertical,S4,tht
186.095,-114.3,0.0,bottom,J21,,,JST_XA_B02B-XASK-1_1x02_P2.50mm_Vertical,S5,tht
165.775,-104.14,0.0,bottom,J22,,,JST_XA_B02B-XASK-1_1x02_P2.50mm_Vertical,Door2,tht
155.615,-104.14,0.0,bottom,J23,,,JST_XA_B02B-XASK-1_1x02_P2.50mm_Vertical,Door1,tht
175.935,-104.14,0.0,bottom,J24,,,JST_XA_B02B-XASK-1_1x02_P2.50mm_Vertical,But1,tht
186.095,-104.14,0.0,bottom,J25,,,JST_XA_B02B-XASK-1_1x02_P2.50mm_Vertical,But2,tht
155.615,-93.98,0.0,bottom,J26,,,JST_XA_B02B-XASK-1_1x02_P2.50mm_Vertical,But3,tht
165.775,-93.98,0.0,bottom,J27,,,JST_XA_B02B-XASK-1_1x02_P2.50mm_Vertical,But4,tht
175.935,-93.98,0.0,bottom,J28,,,JST_XA_B02B-XASK-1_1x02_P2.50mm_Vertical,But5,tht
186.095,-93.98,0.0,bottom,J29,,,JST_XA_B02B-XASK-1_1x02_P2.50mm_Vertical,But6,tht
99.18,-104.14,0.0,bottom,J3,,,JST_XA_B04B-XASK-1_1x04_P2.50mm_Vertical,Back_2,tht
60.96,-124.46,180.0,bottom,J30,,,JST_XA_B06B-XASK-1_1x06_P2.50mm_Vertical,Power,tht
99.14,-114.3,0.0,bottom,J4,,,JST_XA_B04B-XASK-1_1x04_P2.50mm_Vertical,Back_3,tht
99.18,-124.46,0.0,bottom,J5,,,JST_XA_B04B-XASK-1_1x04_P2.50mm_Vertical,Back_4,tht
113.15,-93.98,0.0,bottom,J6,,,JST_XA_B04B-XASK-1_1x04_P2.50mm_Vertical,Back_5,tht
113.15,-104.14,0.0,bottom,J7,,,JST_XA_B04B-XASK-1_1x04_P2.50mm_Vertical,Back_6,tht
113.15,-114.3,0.0,bottom,J8,,,JST_XA_B04B-XASK-1_1x04_P2.50mm_Vertical,Back_7,tht
113.15,-124.46,0.0,bottom,J9,,,JST_XA_B04B-XASK-1_1x04_P2.50mm_Vertical,Back_8,tht
102.87,-89.535,-90.0,top,Q1,,,SOT-23,2N7002,smt
130.81,-99.695,-90.0,top,Q10,,,SOT-23,2N7002,smt
130.81,-109.855,-90.0,top,Q11,,,SOT-23,2N7002,smt
130.81,-120.015,-90.0,top,Q12,,,SOT-23,2N7002,smt
156.865,-120.015,-90.0,top,Q13,,,SOT-23,2N7002,smt
167.025,-120.015,-90.0,top,Q14,,,SOT-23,2N7002,smt
177.185,-120.015,-90.0,top,Q15,,,SOT-23,2N7002,smt
187.345,-120.015,-90.0,top,Q16,,,SOT-23,2N7002,smt
156.865,-109.855,-90.0,top,Q17,,,SOT-23,2N7002,smt
167.025,-109.855,-90.0,top,Q18,,,SOT-23,2N7002,smt
177.185,-109.855,-90.0,top,Q19,,,SOT-23,2N7002,smt
102.87,-99.695,-90.0,top,Q2,,,SOT-23,2N7002,smt
187.345,-109.855,-90.0,top,Q20,,,SOT-23,2N7002,smt
102.87,-109.855,-90.0,top,Q3,,,SOT-23,2N7002,smt
102.87,-120.015,-90.0,top,Q4,,,SOT-23,2N7002,smt
116.84,-89.535,-90.0,top,Q5,,,SOT-23,2N7002,smt
116.84,-99.695,-90.0,top,Q6,,,SOT-23,2N7002,smt
116.84,-109.855,-90.0,top,Q7,,,SOT-23,2N7002,smt
116.84,-120.015,-90.0,top,Q8,,,SOT-23,2N7002,smt
130.81,-89.535,-90.0,top,Q9,,,SOT-23,2N7002,smt
107.95,-89.535,-90.0,top,R1,,,R_0805_2012Metric_Pad1.20x1.40mm_HandSolder,10k,smt
107.95,-120.015,-90.0,top,R10,,,R_0805_2012Metric_Pad1.20x1.40mm_HandSolder,10k,smt
106.045,-109.855,90.0,top,R11,,,R_0805_2012Metric_Pad1.20x1.40mm_HandSolder,330,smt
106.045,-120.015,90.0,top,R12,,,R_0805_2012Metric_Pad1.20x1.40mm_HandSolder,330,smt
99.695,-109.855,90.0,top,R13,,,R_0805_2012Metric_Pad1.20x1.40mm_HandSolder,10k,smt
99.695,-120.015,90.0,top,R14,,,R_0805_2012Metric_Pad1.20x1.40mm_HandSolder,10k,smt
97.79,-109.855,90.0,top,R15,,,R_0805_2012Metric_Pad1.20x1.40mm_HandSolder,330,smt
97.79,-120.015,90.0,top,R16,,,R_0805_2012Metric_Pad1.20x1.40mm_HandSolder,330,smt
121.92,-89.535,-90.0,top,R17,,,R_0805_2012Metric_Pad1.20x1.40mm_HandSolder,10k,smt
121.92,-99.695,-90.0,top,R18,,,R_0805_2012Metric_Pad1.20x1.40mm_HandSolder,10k,smt
121.92,-109.855,-90.0,top,R19,,,R_0805_2012Metric_Pad1.20x1.40mm_HandSolder,10k,smt
99.695,-89.535,90.0,top,R2,,,R_0805_2012Metric_Pad1.20x1.40mm_HandSolder,10k,smt
121.92,-120.015,-90.0,top,R20,,,R_0805_2012Metric_Pad1.20x1.40mm_HandSolder,10k,smt
120.015,-89.535,90.0,top,R21,,,R_0805_2012Metric_Pad1.20x1.40mm_HandSolder,330,smt
120.015,-99.695,90.0,top,R22,,,R_0805_2012Metric_Pad1.20x1.40mm_HandSolder,330,smt
120.015,-109.855,90.0,top,R23,,,R_0805_2012Metric_Pad1.20x1.40mm_HandSolder,330,smt
120.015,-120.015,90.0,top,R24,,,R_0805_2012Metric_Pad1.20x1.40mm_HandSolder,330,smt
113.725,-89.535,90.0,top,R25,,,R_0805_2012Metric_Pad1.20x1.40mm_HandSolder,10k,smt
113.665,-99.695,90.0,top,R26,,,R_0805_2012Metric_Pad1.20x1.40mm_HandSolder,10k,smt
113.665,-109.855,90.0,top,R27,,,R_0805_2012Metric_Pad1.20x1.40mm_HandSolder,10k,smt
113.665,-120.015,90.0,top,R28,,,R_0805_2012Metric_Pad1.20x1.40mm_HandSolder,10k,smt
111.76,-89.535,90.0,top,R29,,,R_0805_2012Metric_Pad1.20x1.40mm_HandSolder,330,smt
106.045,-89.535,90.0,top,R3,,,R_0805_2012Metric_Pad1.20x1.40mm_HandSolder,330,smt
111.76,-99.695,90.0,top,R30,,,R_0805_2012Metric_Pad1.20x1.40mm_HandSolder,330,smt
111.76,-109.855,90.0,top,R31,,,R_0805_2012Metric_Pad1.20x1.40mm_HandSolder,330,smt
111.76,-120.015,90.0,top,R32,,,R_0805_2012Metric_Pad1.20x1.40mm_HandSolder,330,smt
135.89,-89.535,-90.0,top,R33,,,R_0805_2012Metric_Pad1.20x1.40mm_HandSolder,10k,smt
135.89,-99.695,-90.0,top,R34,,,R_0805_2012Metric_Pad1.20x1.40mm_HandSolder,10k,smt
135.89,-109.895,-90.0,top,R35,,,R_0805_2012Metric_Pad1.20x1.40mm_HandSolder,10k,smt
135.89,-120.015,-90.0,top,R36,,,R_0805_2012Metric_Pad1.20x1.40mm_HandSolder,10k,smt
133.985,-89.535,90.0,top,R37,,,R_0805_2012Metric_Pad1.20x1.40mm_HandSolder,330,smt
133.985,-99.695,90.0,top,R38,,,R_0805_2012Metric_Pad1.20x1.40mm_HandSolder,330,smt
133.985,-109.855,90.0,top,R39,,,R_0805_2012Metric_Pad1.20x1.40mm_HandSolder,330,smt
97.79,-89.535,90.0,top,R4,,,R_0805_2012Metric_Pad1.20x1.40mm_HandSolder,330,smt
133.985,-120.015,90.0,top,R40,,,R_0805_2012Metric_Pad1.20x1.40mm_HandSolder,330,smt
127.635,-89.535,90.0,top,R41,,,R_0805_2012Metric_Pad1.20x1.40mm_HandSolder,10k,smt
127.635,-99.695,90.0,top,R42,,,R_0805_2012Metric_Pad1.20x1.40mm_HandSolder,10k,smt
127.635,-109.855,90.0,top,R43,,,R_0805_2012Metric_Pad1.20x1.40mm_HandSolder,10k,smt
127.635,-120.015,90.0,top,R44,,,R_0805_2012Metric_Pad1.20x1.40mm_HandSolder,10k,smt
125.73,-89.535,90.0,top,R45,,,R_0805_2012Metric_Pad1.20x1.40mm_HandSolder,330,smt
125.73,-99.695,90.0,top,R46,,,R_0805_2012Metric_Pad1.20x1.40mm_HandSolder,330,smt
125.73,-109.855,90.0,top,R47,,,R_0805_2012Metric_Pad1.20x1.40mm_HandSolder,330,smt
125.73,-120.015,90.0,top,R48,,,R_0805_2012Metric_Pad1.20x1.40mm_HandSolder,330,smt
161.945,-120.015,-90.0,top,R49,,,R_0805_2012Metric_Pad1.20x1.40mm_HandSolder,10k,smt
107.95,-99.695,-90.0,top,R5,,,R_0805_2012Metric_Pad1.20x1.40mm_HandSolder,10k,smt
160.04,-120.015,90.0,top,R50,,,R_0805_2012Metric_Pad1.20x1.40mm_HandSolder,330,smt
172.105,-120.015,-90.0,top,R51,,,R_0805_2012Metric_Pad1.20x1.40mm_HandSolder,10k,smt
153.69,-120.015,90.0,top,R52,,,R_0805_2012Metric_Pad1.20x1.40mm_HandSolder,330,smt
170.2,-120.015,90.0,top,R53,,,R_0805_2012Metric_Pad1.20x1.40mm_HandSolder,330,smt
163.85,-120.015,90.0,top,R54,,,R_0805_2012Metric_Pad1.20x1.40mm_HandSolder,330,smt
182.265,-120.015,-90.0,top,R55,,,R_0805_2012Metric_Pad1.20x1.40mm_HandSolder,10k,smt
180.36,-120.015,90.0,top,R56,,,R_0805_2012Metric_Pad1.20x1.40mm_HandSolder,330,smt
174.01,-120.015,90.0,top,R57,,,R_0805_2012Metric_Pad1.20x1.40mm_HandSolder,330,smt
192.425,-120.015,-90.0,top,R58,,,R_0805_2012Metric_Pad1.20x1.40mm_HandSolder,10k,smt
190.52,-120.015,90.0,top,R59,,,R_0805_2012Metric_Pad1.20x1.40mm_HandSolder,330,smt
106.045,-99.695,90.0,top,R6,,,R_0805_2012Metric_Pad1.20x1.40mm_HandSolder,330,smt
184.17,-120.015,90.0,top,R60,,,R_0805_2012Metric_Pad1.20x1.40mm_HandSolder,330,smt
161.945,-109.855,-90.0,top,R61,,,R_0805_2012Metric_Pad1.20x1.40mm_HandSolder,10k,smt
172.105,-109.855,-90.0,top,R62,,,R_0805_2012Metric_Pad1.20x1.40mm_HandSolder,10k,smt
182.265,-109.855,-90.0,top,R63,,,R_0805_2012Metric_Pad1.20x1.40mm_HandSolder,10k,smt
192.425,-109.855,-90.0,top,R64,,,R_0805_2012Metric_Pad1.20x1.40mm_HandSolder,10k,smt
160.04,-109.855,90.0,top,R65,,,R_0805_2012Metric_Pad1.20x1.40mm_HandSolder,330,smt
170.2,-109.855,90.0,top,R66,,,R_0805_2012Metric_Pad1.20x1.40mm_HandSolder,330,smt
180.36,-109.855,90.0,top,R67,,,R_0805_2012Metric_Pad1.20x1.40mm_HandSolder,330,smt
190.52,-109.855,90.0,top,R68,,,R_0805_2012Metric_Pad1.20x1.40mm_HandSolder,330,smt
153.69,-109.855,90.0,top,R69,,,R_0805_2012Metric_Pad1.20x1.40mm_HandSolder,330,smt
99.695,-99.695,90.0,top,R7,,,R_0805_2012Metric_Pad1.20x1.40mm_HandSolder,10k,smt
163.85,-109.855,90.0,top,R70,,,R_0805_2012Metric_Pad1.20x1.40mm_HandSolder,330,smt
174.01,-109.855,90.0,top,R71,,,R_0805_2012Metric_Pad1.20x1.40mm_HandSolder,330,smt
184.17,-109.855,90.0,top,R72,,,R_0805_2012Metric_Pad1.20x1.40mm_HandSolder,330,smt
165.735,-99.695,-90.0,top,R73,,,R_0805_2012Metric_Pad1.20x1.40mm_HandSolder,10k,smt
175.895,-99.695,-90.0,top,R74,,,R_0805_2012Metric_Pad1.20x1.40mm_HandSolder,10k,smt
155.575,-99.695,-90.0,top,R75,,,R_0805_2012Metric_Pad1.20x1.40mm_HandSolder,10k,smt
186.055,-99.695,-90.0,top,R76,,,R_0805_2012Metric_Pad1.20x1.40mm_HandSolder,10k,smt
155.575,-89.535,-90.0,top,R77,,,R_0805_2012Metric_Pad1.20x1.40mm_HandSolder,10k,smt
165.735,-89.535,-90.0,top,R78,,,R_0805_2012Metric_Pad1.20x1.40mm_HandSolder,10k,smt
175.895,-89.535,-90.0,top,R79,,,R_0805_2012Metric_Pad1.20x1.40mm_HandSolder,10k,smt
97.79,-99.695,90.0,top,R8,,,R_0805_2012Metric_Pad1.20x1.40mm_HandSolder,330,smt
186.055,-89.535,-90.0,top,R80,,,R_0805_2012Metric_Pad1.20x1.40mm_HandSolder,10k,smt
74.565,-69.665,0.0,top,R81,,,R_0805_2012Metric_Pad1.20x1.40mm_HandSolder,29.4k,smt
74.565,-72.615,0.0,top,R82,,,R_0805_2012Metric_Pad1.20x1.40mm_HandSolder,10k2,smt
74.565,-75.565,0.0,top,R83,,,R_0805_2012Metric_Pad1.20x1.40mm_HandSolder,1k96,smt
47.625,-116.84,0.0,top,R84,,,R_0805_2012Metric_Pad1.20x1.40mm_HandSolder,1k,smt
107.95,-109.855,-90.0,top,R9,,,R_0805_2012Metric_Pad1.20x1.40mm_HandSolder,10k,smt
80.035,-59.25,0.0,top,U1,,,TI_SO-PowerPAD-8_ThermalVias,TPS54331D,smt
194.31,-31.75,180.0,top,XA1,,,Arduino_Mega2560_Shield,Arduino_Mega2560_Shield,tht
