﻿Designator,Quantity,Value,Footprint,Package,MPN,DNP,Mount_Type,Description,Voltage,Farnell,farnell,RS
"C1, C2, C3, C4, C5, C6, C7, C8",8,C_Small,C_0805_2012Metric_Pad1.18x1.45mm_HandSolder,,,,smt,"Unpolarized capacitor, small symbol",,,,
C10,1,0.1μF,C_0805_2012Metric_Pad1.18x1.45mm_HandSolder,,,,smt,"Unpolarized capacitor, small symbol",35V,2773206,,
C11,1,10nF,C_0805_2012Metric_Pad1.18x1.45mm_HandSolder,,,,smt,"Unpolarized capacitor, small symbol",,,,
C12,1,10pF,C_0805_2012Metric_Pad1.18x1.45mm_HandSolder,,,,smt,"Unpolarized capacitor, small symbol",,,,
C13,1,1nF,C_0805_2012Metric_Pad1.18x1.45mm_HandSolder,,,,smt,"Unpolarized capacitor, small symbol",,,,
"C14, C15",2,0.1uF,C_0805_2012Metric_Pad1.18x1.45mm_HandSolder,,,,smt,"Unpolarized capacitor, small symbol",,,,
"C16, C17",2,47μF,CP_Elec_5x5.9,,,,smt,"Polarized capacitor, small symbol",,,,
C9,1,100μF,CP_Elec_5x5.9,,,,smt,"Polarized capacitor, small symbol",35V,2690258,,
"D1, D2, D4",3,SS34,D_SMA_Handsoldering,,,,smt,"Schottky diode, small symbol, filled shape",,,2675144,
D3,1,Green,D_0805_2012Metric_Pad1.15x1.40mm_HandSolder,,,,smt,"Light emitting diode, small symbol, filled shape",,,,
F1,1,Fuse,Fuse_2010_5025Metric_Pad1.52x2.65mm_HandSolder,,,,smt,"Fuse, small symbol",,,,
J10,1,Back_9,JST_XA_B04B-XASK-1_1x04_P2.50mm_Vertical,,,,tht,"Generic connector, single row, 01x04, script generated (kicad-library-utils/schlib/autogen/connector/)",,,,
J11,1,Back_10,JST_XA_B04B-XASK-1_1x04_P2.50mm_Vertical,,,,tht,"Generic connector, single row, 01x04, script generated (kicad-library-utils/schlib/autogen/connector/)",,,,
J12,1,Back_11,JST_XA_B04B-XASK-1_1x04_P2.50mm_Vertical,,,,tht,"Generic connector, single row, 01x04, script generated (kicad-library-utils/schlib/autogen/connector/)",,,,
J13,1,Back_12,JST_XA_B04B-XASK-1_1x04_P2.50mm_Vertical,,,,tht,"Generic connector, single row, 01x04, script generated (kicad-library-utils/schlib/autogen/connector/)",,,,
J14,1,Eye1,JST_XA_B02B-XASK-1_1x02_P2.50mm_Vertical,,,,tht,"Generic connector, single row, 01x02, script generated (kicad-library-utils/schlib/autogen/connector/)",,,,
J15,1,Eye2,JST_XA_B02B-XASK-1_1x02_P2.50mm_Vertical,,,,tht,"Generic connector, single row, 01x02, script generated (kicad-library-utils/schlib/autogen/connector/)",,,,
J16,1,Nose,JST_XA_B02B-XASK-1_1x02_P2.50mm_Vertical,,,,tht,"Generic connector, single row, 01x02, script generated (kicad-library-utils/schlib/autogen/connector/)",,,,
J17,1,S1,JST_XA_B02B-XASK-1_1x02_P2.50mm_Vertical,,,,tht,"Generic connector, single row, 01x02, script generated (kicad-library-utils/schlib/autogen/connector/)",,,,
J18,1,S2,JST_XA_B02B-XASK-1_1x02_P2.50mm_Vertical,,,,tht,"Generic connector, single row, 01x02, script generated (kicad-library-utils/schlib/autogen/connector/)",,,,
J19,1,S3,JST_XA_B02B-XASK-1_1x02_P2.50mm_Vertical,,,,tht,"Generic connector, single row, 01x02, script generated (kicad-library-utils/schlib/autogen/connector/)",,,,
J2,1,Back_1,JST_XA_B04B-XASK-1_1x04_P2.50mm_Vertical,,,,tht,"Generic connector, single row, 01x04, script generated (kicad-library-utils/schlib/autogen/connector/)",,,,
J20,1,S4,JST_XA_B02B-XASK-1_1x02_P2.50mm_Vertical,,,,tht,"Generic connector, single row, 01x02, script generated (kicad-library-utils/schlib/autogen/connector/)",,,,
J21,1,S5,JST_XA_B02B-XASK-1_1x02_P2.50mm_Vertical,,,,tht,"Generic connector, single row, 01x02, script generated (kicad-library-utils/schlib/autogen/connector/)",,,,
J22,1,Door2,JST_XA_B02B-XASK-1_1x02_P2.50mm_Vertical,,,,tht,"Generic connector, single row, 01x02, script generated (kicad-library-utils/schlib/autogen/connector/)",,,,
J23,1,Door1,JST_XA_B02B-XASK-1_1x02_P2.50mm_Vertical,,,,tht,"Generic connector, single row, 01x02, script generated (kicad-library-utils/schlib/autogen/connector/)",,,,
J24,1,But1,JST_XA_B02B-XASK-1_1x02_P2.50mm_Vertical,,,,tht,"Generic connector, single row, 01x02, script generated (kicad-library-utils/schlib/autogen/connector/)",,,,
J25,1,But2,JST_XA_B02B-XASK-1_1x02_P2.50mm_Vertical,,,,tht,"Generic connector, single row, 01x02, script generated (kicad-library-utils/schlib/autogen/connector/)",,,,
J26,1,But3,JST_XA_B02B-XASK-1_1x02_P2.50mm_Vertical,,,,tht,"Generic connector, single row, 01x02, script generated (kicad-library-utils/schlib/autogen/connector/)",,,,
J27,1,But4,JST_XA_B02B-XASK-1_1x02_P2.50mm_Vertical,,,,tht,"Generic connector, single row, 01x02, script generated (kicad-library-utils/schlib/autogen/connector/)",,,,
J28,1,But5,JST_XA_B02B-XASK-1_1x02_P2.50mm_Vertical,,,,tht,"Generic connector, single row, 01x02, script generated (kicad-library-utils/schlib/autogen/connector/)",,,,
J29,1,But6,JST_XA_B02B-XASK-1_1x02_P2.50mm_Vertical,,,,tht,"Generic connector, single row, 01x02, script generated (kicad-library-utils/schlib/autogen/connector/)",,,,
J3,1,Back_2,JST_XA_B04B-XASK-1_1x04_P2.50mm_Vertical,,,,tht,"Generic connector, single row, 01x04, script generated (kicad-library-utils/schlib/autogen/connector/)",,,,
J30,1,Power,JST_XA_B06B-XASK-1_1x06_P2.50mm_Vertical,,,,tht,"Generic connector, single row, 01x06, script generated (kicad-library-utils/schlib/autogen/connector/)",,,,
J4,1,Back_3,JST_XA_B04B-XASK-1_1x04_P2.50mm_Vertical,,,,tht,"Generic connector, single row, 01x04, script generated (kicad-library-utils/schlib/autogen/connector/)",,,,
J5,1,Back_4,JST_XA_B04B-XASK-1_1x04_P2.50mm_Vertical,,,,tht,"Generic connector, single row, 01x04, script generated (kicad-library-utils/schlib/autogen/connector/)",,,,
J6,1,Back_5,JST_XA_B04B-XASK-1_1x04_P2.50mm_Vertical,,,,tht,"Generic connector, single row, 01x04, script generated (kicad-library-utils/schlib/autogen/connector/)",,,,
J7,1,Back_6,JST_XA_B04B-XASK-1_1x04_P2.50mm_Vertical,,,,tht,"Generic connector, single row, 01x04, script generated (kicad-library-utils/schlib/autogen/connector/)",,,,
J8,1,Back_7,JST_XA_B04B-XASK-1_1x04_P2.50mm_Vertical,,,,tht,"Generic connector, single row, 01x04, script generated (kicad-library-utils/schlib/autogen/connector/)",,,,
J9,1,Back_8,JST_XA_B04B-XASK-1_1x04_P2.50mm_Vertical,,,,tht,"Generic connector, single row, 01x04, script generated (kicad-library-utils/schlib/autogen/connector/)",,,,
"Q1, Q10, Q11, Q12, Q13, Q14, Q15, Q16, Q17, Q18, Q19, Q2, Q20, Q3, Q4, Q5, Q6, Q7, Q8, Q9",20,2N7002,SOT-23,,,,smt,"0.115A Id, 60V Vds, N-Channel MOSFET, SOT-23",,,,
"R1, R10, R13, R14, R17, R18, R19, R2, R20, R25, R26, R27, R28, R33, R34, R35, R36, R41, R42, R43, R44, R49, R5, R51, R55, R58, R61, R62, R63, R64, R7, R73, R74, R75, R76, R77, R78, R79, R80, R9",40,10k,R_0805_2012Metric_Pad1.20x1.40mm_HandSolder,,,,smt,"Resistor, small symbol",,,,
"R11, R12, R15, R16, R21, R22, R23, R24, R29, R3, R30, R31, R32, R37, R38, R39, R4, R40, R45, R46, R47, R48, R50, R52, R53, R54, R56, R57, R59, R6, R60, R65, R66, R67, R68, R69, R70, R71, R72, R8",40,330,R_0805_2012Metric_Pad1.20x1.40mm_HandSolder,,,,smt,"Resistor, small symbol",,,,
R81,1,29.4k,R_0805_2012Metric_Pad1.20x1.40mm_HandSolder,,,,smt,"Resistor, small symbol",,,,
R82,1,10k2,R_0805_2012Metric_Pad1.20x1.40mm_HandSolder,,,,smt,"Resistor, small symbol",,,,
R83,1,1k96,R_0805_2012Metric_Pad1.20x1.40mm_HandSolder,,,,smt,"Resistor, small symbol",,,,
R84,1,1k,R_0805_2012Metric_Pad1.20x1.40mm_HandSolder,,,,smt,"Resistor, small symbol",,,,
U1,1,TPS54331D,TI_SO-PowerPAD-8_ThermalVias,,,,smt,"4.5V to 28V Input, 3A, Synchronous Step-Down Converter with Eco-mode(tm)",,,,661-8521
XA1,1,Arduino_Mega2560_Shield,Arduino_Mega2560_Shield,,,,tht,,,,,
